"accountId";"comment";"fee";"quantity";"type";"unitPrice";"currency";"dataSource";"date";"symbol"
"0986e828-5c89-4497-8d08-445f35563bbf";"ISIN: IE00B3RBWM25 - Koop 1 @ 99,44 EUR";"1";"1";"BUY";"99.44";"EUR";"YAHOO";"2023-10-23T09:04:00.000Z";"VWRD.L"
"0986e828-5c89-4497-8d08-445f35563bbf";"Valuta Creditering";"0";"1";"FEE";"0.21";"EUR";"MANUAL";"2023-10-17T07:43:00.000Z";"Fee"
"0986e828-5c89-4497-8d08-445f35563bbf";"Valuta Debitering";"0";"1";"FEE";"0.22";"USD";"MANUAL";"2023-10-17T07:43:00.000Z";"Fee"
"0986e828-5c89-4497-8d08-445f35563bbf";"ISIN: US7561091049 - Dividend:  - dividendTax: -0.04";"0.04";"1";"DIVIDEND";"0.26";"USD";"YAHOO";"2023-10-16T07:25:00.000Z";"O"
"0986e828-5c89-4497-8d08-445f35563bbf";"Valuta Creditering";"0";"1";"FEE";"2.06";"EUR";"MANUAL";"2023-10-14T07:37:00.000Z";"Fee"
"0986e828-5c89-4497-8d08-445f35563bbf";"Valuta Debitering";"0";"1";"FEE";"2.17";"USD";"MANUAL";"2023-10-14T07:37:00.000Z";"Fee"
"0986e828-5c89-4497-8d08-445f35563bbf";"ISIN: US58463J3041 - Dividend:  - dividendTax: -0.38";"0.38";"1";"DIVIDEND";"2.55";"USD";"YAHOO";"2023-10-13T06:58:00.000Z";"MPW"
"0986e828-5c89-4497-8d08-445f35563bbf";"Valuta Creditering";"0";"1";"FEE";"1.57";"EUR";"MANUAL";"2023-10-12T07:35:00.000Z";"Fee"
"0986e828-5c89-4497-8d08-445f35563bbf";"Valuta Debitering";"0";"1";"FEE";"1.67";"USD";"MANUAL";"2023-10-12T07:35:00.000Z";"Fee"
"0986e828-5c89-4497-8d08-445f35563bbf";"ISIN: US02209S1033 - Dividend:  - dividendTax: -0.29";"0.29";"1";"DIVIDEND";"1.96";"USD";"YAHOO";"2023-10-11T06:41:00.000Z";"MO"
"0986e828-5c89-4497-8d08-445f35563bbf";"Valuta Creditering";"0";"1";"FEE";"0.39";"EUR";"MANUAL";"2023-10-03T07:37:00.000Z";"Fee"
"0986e828-5c89-4497-8d08-445f35563bbf";"Valuta Debitering";"0";"1";"FEE";"0.41";"USD";"MANUAL";"2023-10-03T07:37:00.000Z";"Fee"
"0986e828-5c89-4497-8d08-445f35563bbf";"ISIN: US0605051046 - Dividend:  - dividendTax: -0.07";"0.07";"1";"DIVIDEND";"0.48";"USD";"YAHOO";"2023-10-02T06:51:00.000Z";"BAC"
"0986e828-5c89-4497-8d08-445f35563bbf";"Valuta Creditering";"0";"1";"FEE";"1.78";"EUR";"MANUAL";"2023-09-29T07:47:00.000Z";"Fee"
"0986e828-5c89-4497-8d08-445f35563bbf";"Valuta Debitering";"0";"1";"FEE";"1.89";"USD";"MANUAL";"2023-09-29T07:47:00.000Z";"Fee"
"0986e828-5c89-4497-8d08-445f35563bbf";"ISIN: IE00B3RBWM25 - Dividend";"0";"1";"DIVIDEND";"1.89";"USD";"YAHOO";"2023-09-28T08:02:00.000Z";"VWRD.L"
"0986e828-5c89-4497-8d08-445f35563bbf";"Valuta Creditering";"0";"1";"FEE";"0.21";"EUR";"MANUAL";"2023-09-17T07:36:00.000Z";"Fee"
"0986e828-5c89-4497-8d08-445f35563bbf";"Valuta Debitering";"0";"1";"FEE";"0.22";"USD";"MANUAL";"2023-09-17T07:36:00.000Z";"Fee"
"0986e828-5c89-4497-8d08-445f35563bbf";"ISIN: US7561091049 - Dividend:  - dividendTax: -0.04";"0.04";"1";"DIVIDEND";"0.26";"USD";"YAHOO";"2023-09-17T01:10:00.000Z";"O"
"0986e828-5c89-4497-8d08-445f35563bbf";"ISIN: NL0011540547 - Dividend:  - dividendTax: -0.74";"0.74";"1";"DIVIDEND";"4.96";"EUR";"YAHOO";"2023-09-13T07:20:00.000Z";"ABN.AS"
"0986e828-5c89-4497-8d08-445f35563bbf";"ISIN: NL0011794037 - Dividend:  - dividendTax: -0.15";"0.15";"1";"DIVIDEND";"0.98";"EUR";"YAHOO";"2023-09-01T08:19:00.000Z";"AD.AS"
"0986e828-5c89-4497-8d08-445f35563bbf";"ISIN: IE00B3RBWM25 - Koop 2 @ 100,8 EUR";"1";"2";"BUY";"100.8";"EUR";"YAHOO";"2023-08-18T09:04:00.000Z";"VWRD.L"
"0986e828-5c89-4497-8d08-445f35563bbf";"ISIN: US58463J3041 - Valuta Creditering";"0";"1";"FEE";"37.5";"USD";"MANUAL";"2023-08-17T19:22:00.000Z";"Fee"
"0986e828-5c89-4497-8d08-445f35563bbf";"ISIN: US58463J3041 - Valuta Debitering";"0";"1";"FEE";"34.58";"EUR";"MANUAL";"2023-08-17T19:22:00.000Z";"Fee"
"0986e828-5c89-4497-8d08-445f35563bbf";"ISIN: US58463J3041 - Koop 5 @ 7,4998 USD";"2";"5";"BUY";"7.5";"USD";"YAHOO";"2023-08-17T19:22:00.000Z";"MPW"
"0986e828-5c89-4497-8d08-445f35563bbf";"Valuta Creditering";"0";"1";"FEE";"0.2";"EUR";"MANUAL";"2023-08-17T07:33:00.000Z";"Fee"
"0986e828-5c89-4497-8d08-445f35563bbf";"Valuta Debitering";"0";"1";"FEE";"0.22";"USD";"MANUAL";"2023-08-17T07:33:00.000Z";"Fee"
"0986e828-5c89-4497-8d08-445f35563bbf";"Valuta Creditering";"0";"1";"FEE";"0.75";"EUR";"MANUAL";"2023-08-16T07:33:00.000Z";"Fee"
"0986e828-5c89-4497-8d08-445f35563bbf";"Valuta Debitering";"0";"1";"FEE";"0.82";"USD";"MANUAL";"2023-08-16T07:33:00.000Z";"Fee"
"0986e828-5c89-4497-8d08-445f35563bbf";"ISIN: US7561091049 - Dividend:  - dividendTax: -0.04";"0.04";"1";"DIVIDEND";"0.26";"USD";"YAHOO";"2023-08-16T06:46:00.000Z";"O"
"0986e828-5c89-4497-8d08-445f35563bbf";"ISIN: US6826801036 - Dividend:  - dividendTax: -0.14";"0.14";"1";"DIVIDEND";"0.96";"USD";"YAHOO";"2023-08-15T07:19:00.000Z";"OKE"
"0986e828-5c89-4497-8d08-445f35563bbf";"ISIN: NL0011821202 - Dividend:  - dividendTax: -0.05";"0.05";"1";"DIVIDEND";"0.35";"EUR";"YAHOO";"2023-08-15T06:39:00.000Z";"INGA.AS"
"0986e828-5c89-4497-8d08-445f35563bbf";"Valuta Creditering";"0";"1";"FEE";"2.95";"EUR";"MANUAL";"2023-08-03T07:37:00.000Z";"Fee"
"0986e828-5c89-4497-8d08-445f35563bbf";"Valuta Debitering";"0";"1";"FEE";"3.24";"USD";"MANUAL";"2023-08-03T07:37:00.000Z";"Fee"
"0986e828-5c89-4497-8d08-445f35563bbf";"ISIN: NL0000009082 - Dividend:  - dividendTax: -0.08";"0.08";"1";"DIVIDEND";"0.52";"EUR";"YAHOO";"2023-08-02T10:22:00.000Z";"KPN.AS"
"0986e828-5c89-4497-8d08-445f35563bbf";"ISIN: US92343V1044 - Dividend:  - dividendTax: -0.20";"0.2";"1";"DIVIDEND";"1.31";"USD";"YAHOO";"2023-08-02T07:35:00.000Z";"VZ"
"0986e828-5c89-4497-8d08-445f35563bbf";"ISIN: US00206R1023 - Dividend:  - dividendTax: -0.37";"0.37";"1";"DIVIDEND";"2.5";"USD";"YAHOO";"2023-08-02T07:34:00.000Z";"T"
"0986e828-5c89-4497-8d08-445f35563bbf";"Valuta Creditering";"0";"1";"FEE";"0.2";"EUR";"MANUAL";"2023-07-18T07:40:00.000Z";"Fee"
"0986e828-5c89-4497-8d08-445f35563bbf";"Valuta Debitering";"0";"1";"FEE";"0.22";"USD";"MANUAL";"2023-07-18T07:40:00.000Z";"Fee"
"0986e828-5c89-4497-8d08-445f35563bbf";"ISIN: US7561091049 - Dividend:  - dividendTax: -0.04";"0.04";"1";"DIVIDEND";"0.26";"USD";"YAHOO";"2023-07-17T06:55:00.000Z";"O"
"0986e828-5c89-4497-8d08-445f35563bbf";"Valuta Creditering";"0";"1";"FEE";"2.63";"EUR";"MANUAL";"2023-07-15T07:36:00.000Z";"Fee"
"0986e828-5c89-4497-8d08-445f35563bbf";"Valuta Debitering";"0";"1";"FEE";"2.96";"USD";"MANUAL";"2023-07-15T07:36:00.000Z";"Fee"
"0986e828-5c89-4497-8d08-445f35563bbf";"ISIN: US58463J3041 - Dividend:  - dividendTax: -0.52";"0.52";"1";"DIVIDEND";"3.48";"USD";"YAHOO";"2023-07-14T07:29:00.000Z";"MPW"
"0986e828-5c89-4497-8d08-445f35563bbf";"Valuta Creditering";"0";"1";"FEE";"1.45";"EUR";"MANUAL";"2023-07-12T08:29:00.000Z";"Fee"
"0986e828-5c89-4497-8d08-445f35563bbf";"Valuta Debitering";"0";"1";"FEE";"1.6";"USD";"MANUAL";"2023-07-12T08:29:00.000Z";"Fee"
"0986e828-5c89-4497-8d08-445f35563bbf";"ISIN: US02209S1033 - Dividend:  - dividendTax: -0.28";"0.28";"1";"DIVIDEND";"1.88";"USD";"YAHOO";"2023-07-11T07:33:00.000Z";"MO"
"0986e828-5c89-4497-8d08-445f35563bbf";"Valuta Creditering";"0";"1";"FEE";"0.34";"EUR";"MANUAL";"2023-07-04T07:49:00.000Z";"Fee"
"0986e828-5c89-4497-8d08-445f35563bbf";"Valuta Debitering";"0";"1";"FEE";"0.37";"USD";"MANUAL";"2023-07-04T07:49:00.000Z";"Fee"
"0986e828-5c89-4497-8d08-445f35563bbf";"ISIN: US0605051046 - Dividend:  - dividendTax: -0.07";"0.07";"1";"DIVIDEND";"0.44";"USD";"YAHOO";"2023-07-03T07:28:00.000Z";"BAC"
"0986e828-5c89-4497-8d08-445f35563bbf";"Valuta Creditering";"0";"1";"FEE";"1.33";"EUR";"MANUAL";"2023-06-30T08:06:00.000Z";"Fee"
"0986e828-5c89-4497-8d08-445f35563bbf";"Valuta Debitering";"0";"1";"FEE";"1.45";"USD";"MANUAL";"2023-06-30T08:06:00.000Z";"Fee"
"0986e828-5c89-4497-8d08-445f35563bbf";"ISIN: IE00B3RBWM25 - Dividend";"0";"1";"DIVIDEND";"1.45";"USD";"YAHOO";"2023-06-29T07:48:00.000Z";"VWRD.L"
"0986e828-5c89-4497-8d08-445f35563bbf";"Valuta Creditering";"0";"1";"FEE";"0.2";"EUR";"MANUAL";"2023-06-17T07:41:00.000Z";"Fee"
"0986e828-5c89-4497-8d08-445f35563bbf";"Valuta Debitering";"0";"1";"FEE";"0.22";"USD";"MANUAL";"2023-06-17T07:41:00.000Z";"Fee"
"0986e828-5c89-4497-8d08-445f35563bbf";"ISIN: US7561091049 - Dividend:  - dividendTax: -0.04";"0.04";"1";"DIVIDEND";"0.26";"USD";"YAHOO";"2023-06-16T06:44:00.000Z";"O"
"0986e828-5c89-4497-8d08-445f35563bbf";"ISIN: NL0011540547 - Dividend:  - dividendTax: -0.80";"0.8";"1";"DIVIDEND";"5.36";"EUR";"YAHOO";"2023-05-18T10:00:00.000Z";"ABN.AS"
"0986e828-5c89-4497-8d08-445f35563bbf";"Valuta Creditering";"0";"1";"FEE";"0.96";"EUR";"MANUAL";"2023-05-17T07:36:00.000Z";"Fee"
"0986e828-5c89-4497-8d08-445f35563bbf";"Valuta Debitering";"0";"1";"FEE";"1.04";"USD";"MANUAL";"2023-05-17T07:36:00.000Z";"Fee"
"0986e828-5c89-4497-8d08-445f35563bbf";"ISIN: US6826801036 - Dividend:  - dividendTax: -0.14";"0.14";"1";"DIVIDEND";"0.96";"USD";"YAHOO";"2023-05-16T07:22:00.000Z";"OKE"
"0986e828-5c89-4497-8d08-445f35563bbf";"ISIN: US7561091049 - Dividend:  - dividendTax: -0.04";"0.04";"1";"DIVIDEND";"0.26";"USD";"YAHOO";"2023-05-16T07:20:00.000Z";"O"
"0986e828-5c89-4497-8d08-445f35563bbf";"ISIN: IE00B3RBWM25 - Koop 1 @ 98,74 EUR";"1";"1";"BUY";"98.74";"EUR";"YAHOO";"2023-05-15T09:04:00.000Z";"VWRD.L"
"0986e828-5c89-4497-8d08-445f35563bbf";"ISIN: NL0011821202 - Dividend:  - dividendTax: -0.06";"0.06";"1";"DIVIDEND";"0.39";"EUR";"YAHOO";"2023-05-08T06:46:00.000Z";"INGA.AS"
"0986e828-5c89-4497-8d08-445f35563bbf";"Valuta Creditering";"0";"1";"FEE";"2.94";"EUR";"MANUAL";"2023-05-03T07:36:00.000Z";"Fee"
"0986e828-5c89-4497-8d08-445f35563bbf";"Valuta Debitering";"0";"1";"FEE";"3.24";"USD";"MANUAL";"2023-05-03T07:36:00.000Z";"Fee"
"0986e828-5c89-4497-8d08-445f35563bbf";"ISIN: US00206R1023 - Dividend:  - dividendTax: -0.37";"0.37";"1";"DIVIDEND";"2.5";"USD";"YAHOO";"2023-05-02T07:35:00.000Z";"T"
"0986e828-5c89-4497-8d08-445f35563bbf";"Valuta Creditering";"0";"1";"FEE";"1.45";"EUR";"MANUAL";"2023-05-02T07:35:00.000Z";"Fee"
"0986e828-5c89-4497-8d08-445f35563bbf";"Valuta Debitering";"0";"1";"FEE";"1.6";"USD";"MANUAL";"2023-05-02T07:35:00.000Z";"Fee"
"0986e828-5c89-4497-8d08-445f35563bbf";"ISIN: US92343V1044 - Dividend:  - dividendTax: -0.20";"0.2";"1";"DIVIDEND";"1.31";"USD";"YAHOO";"2023-05-02T07:29:00.000Z";"VZ"
"0986e828-5c89-4497-8d08-445f35563bbf";"ISIN: US02209S1033 - Dividend:  - dividendTax: -0.28";"0.28";"1";"DIVIDEND";"1.88";"USD";"YAHOO";"2023-05-01T06:53:00.000Z";"MO"
"0986e828-5c89-4497-8d08-445f35563bbf";"ISIN: NL0011794037 - Dividend:  - dividendTax: -0.18";"0.18";"1";"DIVIDEND";"1.18";"EUR";"YAHOO";"2023-04-28T07:25:00.000Z";"AD.AS"
"0986e828-5c89-4497-8d08-445f35563bbf";"ISIN: NL0000009082 - Dividend:  - dividendTax: -0.14";"0.14";"1";"DIVIDEND";"0.95";"EUR";"YAHOO";"2023-04-20T07:13:00.000Z";"KPN.AS"
"0986e828-5c89-4497-8d08-445f35563bbf";"Valuta Creditering";"0";"1";"FEE";"0.2";"EUR";"MANUAL";"2023-04-18T07:37:00.000Z";"Fee"
"0986e828-5c89-4497-8d08-445f35563bbf";"Valuta Debitering";"0";"1";"FEE";"0.22";"USD";"MANUAL";"2023-04-18T07:37:00.000Z";"Fee"
"0986e828-5c89-4497-8d08-445f35563bbf";"ISIN: US7561091049 - Dividend:  - dividendTax: -0.04";"0.04";"1";"DIVIDEND";"0.26";"USD";"YAHOO";"2023-04-17T07:34:00.000Z";"O"
"0986e828-5c89-4497-8d08-445f35563bbf";"Valuta Creditering";"0";"1";"FEE";"2.69";"EUR";"MANUAL";"2023-04-15T07:36:00.000Z";"Fee"
"0986e828-5c89-4497-8d08-445f35563bbf";"Valuta Debitering";"0";"1";"FEE";"2.96";"USD";"MANUAL";"2023-04-15T07:36:00.000Z";"Fee"
"0986e828-5c89-4497-8d08-445f35563bbf";"ISIN: US58463J3041 - Dividend:  - dividendTax: -0.52";"0.52";"1";"DIVIDEND";"3.48";"USD";"YAHOO";"2023-04-14T07:24:00.000Z";"MPW"
"0986e828-5c89-4497-8d08-445f35563bbf";"DEGIRO Aansluitingskosten 2023 (New York Stock Exchange - NSY)";"0";"1";"FEE";"0.01";"EUR";"MANUAL";"2023-04-04T08:20:00.000Z";"Fee"
"0986e828-5c89-4497-8d08-445f35563bbf";"DEGIRO Aansluitingskosten 2023 (NASDAQ - NDQ)";"0";"1";"FEE";"0.01";"EUR";"MANUAL";"2023-04-04T08:20:00.000Z";"Fee"
"0986e828-5c89-4497-8d08-445f35563bbf";"DEGIRO Aansluitingskosten 2023 (Tradegate AG - TDG)";"0";"1";"FEE";"0.01";"EUR";"MANUAL";"2023-04-04T08:20:00.000Z";"Fee"
"0986e828-5c89-4497-8d08-445f35563bbf";"DEGIRO Aansluitingskosten 2023 (Borse Frankfurt - FRA)";"0";"1";"FEE";"0.01";"EUR";"MANUAL";"2023-04-04T08:20:00.000Z";"Fee"
"0986e828-5c89-4497-8d08-445f35563bbf";"Valuta Creditering";"0";"1";"FEE";"0.34";"EUR";"MANUAL";"2023-04-04T07:39:00.000Z";"Fee"
"0986e828-5c89-4497-8d08-445f35563bbf";"Valuta Debitering";"0";"1";"FEE";"0.37";"USD";"MANUAL";"2023-04-04T07:39:00.000Z";"Fee"
"0986e828-5c89-4497-8d08-445f35563bbf";"ISIN: IE00B3RBWM25 - Koop 1 @ 97,93 EUR";"0";"1";"BUY";"97.93";"EUR";"YAHOO";"2023-04-03T09:04:00.000Z";"VWRD.L"
"0986e828-5c89-4497-8d08-445f35563bbf";"ISIN: US0605051046 - Dividend:  - dividendTax: -0.07";"0.07";"1";"DIVIDEND";"0.44";"USD";"YAHOO";"2023-04-03T06:44:00.000Z";"BAC"
"0986e828-5c89-4497-8d08-445f35563bbf";"DEGIRO courtesy";"0";"1";"FEE";"2.5";"EUR";"MANUAL";"2023-03-17T16:20:00.000Z";"Fee"
"0986e828-5c89-4497-8d08-445f35563bbf";"Valuta Creditering";"0";"1";"FEE";"0.2";"EUR";"MANUAL";"2023-03-17T07:40:00.000Z";"Fee"
"0986e828-5c89-4497-8d08-445f35563bbf";"Valuta Debitering";"0";"1";"FEE";"0.21";"USD";"MANUAL";"2023-03-17T07:40:00.000Z";"Fee"
"0986e828-5c89-4497-8d08-445f35563bbf";"ISIN: US7561091049 - Dividend:  - dividendTax: -0.04";"0.04";"1";"DIVIDEND";"0.25";"USD";"YAHOO";"2023-03-16T07:29:00.000Z";"O"
"0986e828-5c89-4497-8d08-445f35563bbf";"ISIN: US58463J3041 - Valuta Creditering";"0";"1";"FEE";"43.3";"USD";"MANUAL";"2023-03-13T14:30:00.000Z";"Fee"
"0986e828-5c89-4497-8d08-445f35563bbf";"ISIN: US58463J3041 - Valuta Debitering";"0";"1";"FEE";"40.55";"EUR";"MANUAL";"2023-03-13T14:30:00.000Z";"Fee"
"0986e828-5c89-4497-8d08-445f35563bbf";"ISIN: US58463J3041 - Koop 5 @ 8,66 USD";"1";"5";"BUY";"8.66";"USD";"YAHOO";"2023-03-13T14:30:00.000Z";"MPW"
"0986e828-5c89-4497-8d08-445f35563bbf";"ISIN: NL0011540547 - Koop 3 @ 15,985 EUR";"3";"3";"BUY";"15.987";"EUR";"YAHOO";"2023-03-13T09:00:00.000Z";"ABN.AS"
"0986e828-5c89-4497-8d08-445f35563bbf";"ISIN: NL0000009082 - Koop 10 @ 3,237 EUR";"3";"10";"BUY";"3.237";"EUR";"YAHOO";"2023-03-13T09:00:00.000Z";"KPN.AS"
"0986e828-5c89-4497-8d08-445f35563bbf";"Valuta Creditering";"0";"1";"FEE";"1.07";"EUR";"MANUAL";"2023-03-10T07:38:00.000Z";"Fee"
"0986e828-5c89-4497-8d08-445f35563bbf";"Valuta Debitering";"0";"1";"FEE";"1.14";"USD";"MANUAL";"2023-03-10T07:38:00.000Z";"Fee"
"0986e828-5c89-4497-8d08-445f35563bbf";"ISIN: MHY1146L1258 - Verrekening van Aandelen";"0";"1";"FEE";"1.14";"USD";"MANUAL";"2023-03-09T14:27:00.000Z";"Fee"
"0986e828-5c89-4497-8d08-445f35563bbf";"DEGIRO Aansluitingskosten 2023 (New York Stock Exchange - NSY)";"0";"1";"FEE";"0.05";"EUR";"MANUAL";"2023-03-01T15:06:00.000Z";"Fee"
"0986e828-5c89-4497-8d08-445f35563bbf";"DEGIRO Aansluitingskosten 2023 (NASDAQ - NDQ)";"0";"1";"FEE";"0.05";"EUR";"MANUAL";"2023-03-01T15:06:00.000Z";"Fee"
"0986e828-5c89-4497-8d08-445f35563bbf";"DEGIRO Aansluitingskosten 2023 (Tradegate AG - TDG)";"0";"1";"FEE";"2.49";"EUR";"MANUAL";"2023-03-01T15:06:00.000Z";"Fee"
"0986e828-5c89-4497-8d08-445f35563bbf";"DEGIRO Aansluitingskosten 2023 (Borse Frankfurt - FRA)";"0";"1";"FEE";"0.05";"EUR";"MANUAL";"2023-03-01T15:06:00.000Z";"Fee"
"0986e828-5c89-4497-8d08-445f35563bbf";"Valuta Creditering";"0";"1";"FEE";"0.2";"EUR";"MANUAL";"2023-02-17T07:39:00.000Z";"Fee"
"0986e828-5c89-4497-8d08-445f35563bbf";"Valuta Debitering";"0";"1";"FEE";"0.21";"USD";"MANUAL";"2023-02-17T07:39:00.000Z";"Fee"
"0986e828-5c89-4497-8d08-445f35563bbf";"Valuta Creditering";"0";"1";"FEE";"0.77";"EUR";"MANUAL";"2023-02-16T07:35:00.000Z";"Fee"
"0986e828-5c89-4497-8d08-445f35563bbf";"Valuta Debitering";"0";"1";"FEE";"0.82";"USD";"MANUAL";"2023-02-16T07:35:00.000Z";"Fee"
"0986e828-5c89-4497-8d08-445f35563bbf";"ISIN: US7561091049 - Dividend:  - dividendTax: -0.04";"0.04";"1";"DIVIDEND";"0.25";"USD";"YAHOO";"2023-02-16T07:24:00.000Z";"O"
"0986e828-5c89-4497-8d08-445f35563bbf";"ISIN: US6826801036 - Dividend:  - dividendTax: -0.14";"0.14";"1";"DIVIDEND";"0.96";"USD";"YAHOO";"2023-02-15T07:17:00.000Z";"OKE"
"0986e828-5c89-4497-8d08-445f35563bbf";"Valuta Creditering";"0";"1";"FEE";"2.96";"EUR";"MANUAL";"2023-02-03T07:36:00.000Z";"Fee"
"0986e828-5c89-4497-8d08-445f35563bbf";"Valuta Debitering";"0";"1";"FEE";"3.24";"USD";"MANUAL";"2023-02-03T07:36:00.000Z";"Fee"
"0986e828-5c89-4497-8d08-445f35563bbf";"ISIN: US00206R1023 - Dividend:  - dividendTax: -0.37";"0.37";"1";"DIVIDEND";"2.5";"USD";"YAHOO";"2023-02-02T07:41:00.000Z";"T"
"0986e828-5c89-4497-8d08-445f35563bbf";"ISIN: US92343V1044 - Dividend:  - dividendTax: -0.20";"0.2";"1";"DIVIDEND";"1.31";"USD";"YAHOO";"2023-02-02T07:27:00.000Z";"VZ"
"0986e828-5c89-4497-8d08-445f35563bbf";"DEGIRO Aansluitingskosten 2023 (New York Stock Exchange - NSY)";"0";"1";"FEE";"0.14";"EUR";"MANUAL";"2023-02-01T13:06:00.000Z";"Fee"
"0986e828-5c89-4497-8d08-445f35563bbf";"DEGIRO Aansluitingskosten 2023 (NASDAQ - NDQ)";"0";"1";"FEE";"0.14";"EUR";"MANUAL";"2023-02-01T13:06:00.000Z";"Fee"
"0986e828-5c89-4497-8d08-445f35563bbf";"DEGIRO Aansluitingskosten 2023 (Borse Frankfurt - FRA)";"0";"1";"FEE";"0.14";"EUR";"MANUAL";"2023-02-01T13:06:00.000Z";"Fee"
"0986e828-5c89-4497-8d08-445f35563bbf";"Valuta Creditering";"0";"1";"FEE";"0.19";"EUR";"MANUAL";"2023-01-17T07:34:00.000Z";"Fee"
"0986e828-5c89-4497-8d08-445f35563bbf";"Valuta Debitering";"0";"1";"FEE";"0.21";"USD";"MANUAL";"2023-01-17T07:34:00.000Z";"Fee"
"0986e828-5c89-4497-8d08-445f35563bbf";"ISIN: NL0011821202 - Dividend:  - dividendTax: -0.01";"0.01";"1";"DIVIDEND";"0.08";"EUR";"YAHOO";"2023-01-17T06:58:00.000Z";"INGA.AS"
"0986e828-5c89-4497-8d08-445f35563bbf";"ISIN: US7561091049 - Dividend:  - dividendTax: -0.04";"0.04";"1";"DIVIDEND";"0.25";"USD";"YAHOO";"2023-01-16T07:18:00.000Z";"O"
"0986e828-5c89-4497-8d08-445f35563bbf";"Valuta Creditering";"0";"1";"FEE";"1.59";"EUR";"MANUAL";"2023-01-14T08:32:00.000Z";"Fee"
"0986e828-5c89-4497-8d08-445f35563bbf";"Valuta Debitering";"0";"1";"FEE";"1.73";"USD";"MANUAL";"2023-01-14T08:32:00.000Z";"Fee"
"0986e828-5c89-4497-8d08-445f35563bbf";"ISIN: US58463J3041 - Dividend:  - dividendTax: -0.30";"0.3";"1";"DIVIDEND";"2.03";"USD";"YAHOO";"2023-01-13T07:24:00.000Z";"MPW"
"0986e828-5c89-4497-8d08-445f35563bbf";"Valuta Creditering";"0";"1";"FEE";"1.48";"EUR";"MANUAL";"2023-01-12T07:34:00.000Z";"Fee"
"0986e828-5c89-4497-8d08-445f35563bbf";"Valuta Debitering";"0";"1";"FEE";"1.6";"USD";"MANUAL";"2023-01-12T07:34:00.000Z";"Fee"
"0986e828-5c89-4497-8d08-445f35563bbf";"ISIN: US02209S1033 - Dividend:  - dividendTax: -0.28";"0.28";"1";"DIVIDEND";"1.88";"USD";"YAHOO";"2023-01-11T07:02:00.000Z";"MO"
"0986e828-5c89-4497-8d08-445f35563bbf";"DEGIRO Aansluitingskosten 2023 (New York Stock Exchange - NSY)";"0";"1";"FEE";"2.3";"EUR";"MANUAL";"2023-01-03T13:59:00.000Z";"Fee"
"0986e828-5c89-4497-8d08-445f35563bbf";"DEGIRO Aansluitingskosten 2023 (NASDAQ - NDQ)";"0";"1";"FEE";"2.3";"EUR";"MANUAL";"2023-01-03T13:59:00.000Z";"Fee"
"0986e828-5c89-4497-8d08-445f35563bbf";"DEGIRO Aansluitingskosten 2023 (Borse Frankfurt - FRA)";"0";"1";"FEE";"2.3";"EUR";"MANUAL";"2023-01-03T13:59:00.000Z";"Fee"
"0986e828-5c89-4497-8d08-445f35563bbf";"Valuta Creditering";"0";"1";"FEE";"0.35";"EUR";"MANUAL";"2023-01-03T07:41:00.000Z";"Fee"
"0986e828-5c89-4497-8d08-445f35563bbf";"Valuta Debitering";"0";"1";"FEE";"0.37";"USD";"MANUAL";"2023-01-03T07:41:00.000Z";"Fee"
"0986e828-5c89-4497-8d08-445f35563bbf";"ISIN: US0605051046 - Dividend:  - dividendTax: -0.07";"0.07";"1";"DIVIDEND";"0.44";"USD";"YAHOO";"2023-01-02T07:49:00.000Z";"BAC"
"0986e828-5c89-4497-8d08-445f35563bbf";"Valuta Creditering";"0";"1";"FEE";"0.2";"EUR";"MANUAL";"2022-12-17T08:39:00.000Z";"Fee"
"0986e828-5c89-4497-8d08-445f35563bbf";"Valuta Debitering";"0";"1";"FEE";"0.21";"USD";"MANUAL";"2022-12-17T08:39:00.000Z";"Fee"
"0986e828-5c89-4497-8d08-445f35563bbf";"ISIN: US7561091049 - Dividend:  - dividendTax: -0.04";"0.04";"1";"DIVIDEND";"0.25";"USD";"YAHOO";"2022-12-16T07:24:00.000Z";"O"
"0986e828-5c89-4497-8d08-445f35563bbf";"ISIN: US58463J3041 - Valuta Creditering";"0";"1";"FEE";"38.03";"USD";"MANUAL";"2022-11-28T21:45:00.000Z";"Fee"
"0986e828-5c89-4497-8d08-445f35563bbf";"ISIN: US58463J3041 - Valuta Debitering";"0";"1";"FEE";"36.87";"EUR";"MANUAL";"2022-11-28T21:45:00.000Z";"Fee"
"0986e828-5c89-4497-8d08-445f35563bbf";"ISIN: US58463J3041 - Koop 3 @ 12,6753 USD";"1";"3";"BUY";"12.677";"USD";"YAHOO";"2022-11-28T21:45:00.000Z";"MPW"
"0986e828-5c89-4497-8d08-445f35563bbf";"Valuta Creditering";"0";"1";"FEE";"0.2";"EUR";"MANUAL";"2022-11-17T08:25:00.000Z";"Fee"
"0986e828-5c89-4497-8d08-445f35563bbf";"Valuta Debitering";"0";"1";"FEE";"0.21";"USD";"MANUAL";"2022-11-17T08:25:00.000Z";"Fee"
"0986e828-5c89-4497-8d08-445f35563bbf";"Valuta Creditering";"0";"1";"FEE";"0.77";"EUR";"MANUAL";"2022-11-16T07:32:00.000Z";"Fee"
"0986e828-5c89-4497-8d08-445f35563bbf";"Valuta Debitering";"0";"1";"FEE";"0.8";"USD";"MANUAL";"2022-11-16T07:32:00.000Z";"Fee"
"0986e828-5c89-4497-8d08-445f35563bbf";"ISIN: US7561091049 - Dividend:  - dividendTax: -0.04";"0.04";"1";"DIVIDEND";"0.25";"USD";"YAHOO";"2022-11-16T07:19:00.000Z";"O"
"0986e828-5c89-4497-8d08-445f35563bbf";"ISIN: US6826801036 - Dividend:  - dividendTax: -0.14";"0.14";"1";"DIVIDEND";"0.94";"USD";"YAHOO";"2022-11-15T07:04:00.000Z";"OKE"
"0986e828-5c89-4497-8d08-445f35563bbf";"Valuta Creditering";"0";"1";"FEE";"3.29";"EUR";"MANUAL";"2022-11-03T07:38:00.000Z";"Fee"
"0986e828-5c89-4497-8d08-445f35563bbf";"Valuta Debitering";"0";"1";"FEE";"3.24";"USD";"MANUAL";"2022-11-03T07:38:00.000Z";"Fee"
"0986e828-5c89-4497-8d08-445f35563bbf";"ISIN: US92343V1044 - Dividend:  - dividendTax: -0.20";"0.2";"1";"DIVIDEND";"1.31";"USD";"YAHOO";"2022-11-02T09:29:00.000Z";"VZ"
"0986e828-5c89-4497-8d08-445f35563bbf";"ISIN: US00206R1023 - Dividend:  - dividendTax: -0.37";"0.37";"1";"DIVIDEND";"2.5";"USD";"YAHOO";"2022-11-02T08:23:00.000Z";"T"
"0986e828-5c89-4497-8d08-445f35563bbf";"Valuta Creditering";"0";"1";"FEE";"0.22";"EUR";"MANUAL";"2022-10-17T07:33:00.000Z";"Fee"
"0986e828-5c89-4497-8d08-445f35563bbf";"Valuta Debitering";"0";"1";"FEE";"0.21";"USD";"MANUAL";"2022-10-17T07:33:00.000Z";"Fee"
"0986e828-5c89-4497-8d08-445f35563bbf";"ISIN: US7561091049 - Dividend:  - dividendTax: -0.04";"0.04";"1";"DIVIDEND";"0.25";"USD";"YAHOO";"2022-10-16T04:18:00.000Z";"O"
"0986e828-5c89-4497-8d08-445f35563bbf";"Valuta Creditering";"0";"1";"FEE";"1.02";"EUR";"MANUAL";"2022-10-15T07:36:00.000Z";"Fee"
"0986e828-5c89-4497-8d08-445f35563bbf";"Valuta Debitering";"0";"1";"FEE";"0.99";"USD";"MANUAL";"2022-10-15T07:36:00.000Z";"Fee"
"0986e828-5c89-4497-8d08-445f35563bbf";"ISIN: US58463J3041 - Dividend:  - dividendTax: -0.17";"0.17";"1";"DIVIDEND";"1.16";"USD";"YAHOO";"2022-10-14T07:18:00.000Z";"MPW"
"0986e828-5c89-4497-8d08-445f35563bbf";"Valuta Creditering";"0";"1";"FEE";"1.64";"EUR";"MANUAL";"2022-10-13T07:34:00.000Z";"Fee"
"0986e828-5c89-4497-8d08-445f35563bbf";"Valuta Debitering";"0";"1";"FEE";"1.6";"USD";"MANUAL";"2022-10-13T07:34:00.000Z";"Fee"
"0986e828-5c89-4497-8d08-445f35563bbf";"ISIN: US02209S1033 - Dividend:  - dividendTax: -0.28";"0.28";"1";"DIVIDEND";"1.88";"USD";"YAHOO";"2022-10-12T07:13:00.000Z";"MO"
"0986e828-5c89-4497-8d08-445f35563bbf";"Valuta Creditering";"0";"1";"FEE";"0.38";"EUR";"MANUAL";"2022-10-04T07:38:00.000Z";"Fee"
"0986e828-5c89-4497-8d08-445f35563bbf";"Valuta Debitering";"0";"1";"FEE";"0.37";"USD";"MANUAL";"2022-10-04T07:38:00.000Z";"Fee"
"0986e828-5c89-4497-8d08-445f35563bbf";"DEGIRO Aansluitingskosten 2022 (New York Stock Exchange - NSY)";"0";"1";"FEE";"0.05";"EUR";"MANUAL";"2022-10-03T09:03:00.000Z";"Fee"
"0986e828-5c89-4497-8d08-445f35563bbf";"DEGIRO Aansluitingskosten 2022 (NASDAQ - NDQ)";"0";"1";"FEE";"0.05";"EUR";"MANUAL";"2022-10-03T09:03:00.000Z";"Fee"
"0986e828-5c89-4497-8d08-445f35563bbf";"DEGIRO Aansluitingskosten 2022 (Borse Frankfurt - FRA)";"0";"1";"FEE";"0.05";"EUR";"MANUAL";"2022-10-03T09:03:00.000Z";"Fee"
"0986e828-5c89-4497-8d08-445f35563bbf";"ISIN: US0605051046 - Dividend:  - dividendTax: -0.07";"0.07";"1";"DIVIDEND";"0.44";"USD";"YAHOO";"2022-10-03T07:24:00.000Z";"BAC"
"0986e828-5c89-4497-8d08-445f35563bbf";"ISIN: NL0011540547 - Dividend:  - dividendTax: -0.24";"0.24";"1";"DIVIDEND";"1.6";"EUR";"YAHOO";"2022-09-13T07:33:00.000Z";"ABN.AS"
"0986e828-5c89-4497-8d08-445f35563bbf";"ISIN: US7561091049 - Valuta Creditering";"0";"1";"FEE";"66.4";"USD";"MANUAL";"2022-09-09T15:30:00.000Z";"Fee"
"0986e828-5c89-4497-8d08-445f35563bbf";"ISIN: US7561091049 - Valuta Debitering";"0";"1";"FEE";"66.24";"EUR";"MANUAL";"2022-09-09T15:30:00.000Z";"Fee"
"0986e828-5c89-4497-8d08-445f35563bbf";"ISIN: US7561091049 - Koop 1 @ 66,4 USD";"1";"1";"BUY";"66.4";"USD";"YAHOO";"2022-09-09T15:30:00.000Z";"O"
"0986e828-5c89-4497-8d08-445f35563bbf";"ISIN: NL0011794037 - Dividend:  - dividendTax: -0.14";"0.14";"1";"DIVIDEND";"0.92";"EUR";"YAHOO";"2022-09-02T10:54:00.000Z";"AD.AS"
"0986e828-5c89-4497-8d08-445f35563bbf";"ISIN: US58463J3041 - Valuta Creditering";"0";"1";"FEE";"61.2";"USD";"MANUAL";"2022-08-25T15:30:00.000Z";"Fee"
"0986e828-5c89-4497-8d08-445f35563bbf";"ISIN: US58463J3041 - Valuta Debitering";"0";"1";"FEE";"61.56";"EUR";"MANUAL";"2022-08-25T15:30:00.000Z";"Fee"
"0986e828-5c89-4497-8d08-445f35563bbf";"ISIN: US58463J3041 - Koop 4 @ 15,3 USD";"0.5";"4";"BUY";"15.3";"USD";"YAHOO";"2022-08-25T15:30:00.000Z";"MPW"
"0986e828-5c89-4497-8d08-445f35563bbf";"Valuta Creditering";"0";"1";"FEE";"0.78";"EUR";"MANUAL";"2022-08-17T07:32:00.000Z";"Fee"
"0986e828-5c89-4497-8d08-445f35563bbf";"Valuta Debitering";"0";"1";"FEE";"0.8";"USD";"MANUAL";"2022-08-17T07:32:00.000Z";"Fee"
"0986e828-5c89-4497-8d08-445f35563bbf";"ISIN: US6826801036 - Dividend:  - dividendTax: -0.14";"0.14";"1";"DIVIDEND";"0.94";"USD";"YAHOO";"2022-08-16T07:22:00.000Z";"OKE"
"0986e828-5c89-4497-8d08-445f35563bbf";"ISIN: NL0011821202 - Dividend:  - dividendTax: -0.03";"0.03";"1";"DIVIDEND";"0.17";"EUR";"YAHOO";"2022-08-15T09:55:00.000Z";"INGA.AS"
"0986e828-5c89-4497-8d08-445f35563bbf";"Valuta Creditering";"0";"1";"FEE";"3.13";"EUR";"MANUAL";"2022-08-02T07:32:00.000Z";"Fee"
"0986e828-5c89-4497-8d08-445f35563bbf";"Valuta Debitering";"0";"1";"FEE";"3.22";"USD";"MANUAL";"2022-08-02T07:32:00.000Z";"Fee"
"0986e828-5c89-4497-8d08-445f35563bbf";"ISIN: US00206R1023 - Dividend:  - dividendTax: -0.37";"0.37";"1";"DIVIDEND";"2.5";"USD";"YAHOO";"2022-08-01T10:12:00.000Z";"T"
"0986e828-5c89-4497-8d08-445f35563bbf";"ISIN: US92343V1044 - Dividend:  - dividendTax: -0.19";"0.19";"1";"DIVIDEND";"1.28";"USD";"YAHOO";"2022-08-01T08:45:00.000Z";"VZ"
"0986e828-5c89-4497-8d08-445f35563bbf";"Valuta Creditering";"0";"1";"FEE";"1.52";"EUR";"MANUAL";"2022-07-13T07:33:00.000Z";"Fee"
"0986e828-5c89-4497-8d08-445f35563bbf";"Valuta Debitering";"0";"1";"FEE";"1.53";"USD";"MANUAL";"2022-07-13T07:33:00.000Z";"Fee"
"0986e828-5c89-4497-8d08-445f35563bbf";"ISIN: US02209S1033 - Dividend:  - dividendTax: -0.27";"0.27";"1";"DIVIDEND";"1.8";"USD";"YAHOO";"2022-07-12T08:41:00.000Z";"MO"
"0986e828-5c89-4497-8d08-445f35563bbf";"Valuta Creditering";"0";"1";"FEE";"0.34";"EUR";"MANUAL";"2022-06-28T07:35:00.000Z";"Fee"
"0986e828-5c89-4497-8d08-445f35563bbf";"Valuta Debitering";"0";"1";"FEE";"0.36";"USD";"MANUAL";"2022-06-28T07:35:00.000Z";"Fee"
"0986e828-5c89-4497-8d08-445f35563bbf";"ISIN: US0605051046 - Dividend:  - dividendTax: -0.06";"0.06";"1";"DIVIDEND";"0.42";"USD";"YAHOO";"2022-06-27T07:12:00.000Z";"BAC"
"0986e828-5c89-4497-8d08-445f35563bbf";"ISIN: NL0011540547 - Dividend:  - dividendTax: -0.46";"0.46";"1";"DIVIDEND";"3.05";"EUR";"YAHOO";"2022-05-19T10:24:00.000Z";"ABN.AS"
"0986e828-5c89-4497-8d08-445f35563bbf";"ISIN: NL0011821202 - Dividend:  - dividendTax: -0.03";"0.03";"1";"DIVIDEND";"0.23";"EUR";"YAHOO";"2022-05-18T07:51:00.000Z";"INGA.AS"
"0986e828-5c89-4497-8d08-445f35563bbf";"Valuta Creditering";"0";"1";"FEE";"0.76";"EUR";"MANUAL";"2022-05-18T07:34:00.000Z";"Fee"
"0986e828-5c89-4497-8d08-445f35563bbf";"Valuta Debitering";"0";"1";"FEE";"0.8";"USD";"MANUAL";"2022-05-18T07:34:00.000Z";"Fee"
"0986e828-5c89-4497-8d08-445f35563bbf";"ISIN: US6826801036 - Dividend:  - dividendTax: -0.14";"0.14";"1";"DIVIDEND";"0.94";"USD";"YAHOO";"2022-05-17T09:36:00.000Z";"OKE"
"0986e828-5c89-4497-8d08-445f35563bbf";"ISIN: NL0011821202 - Dividend:  - dividendTax: -0.06";"0.06";"1";"DIVIDEND";"0.41";"EUR";"YAHOO";"2022-05-09T10:58:00.000Z";"INGA.AS"
"0986e828-5c89-4497-8d08-445f35563bbf";"Valuta Creditering";"0";"1";"FEE";"3.05";"EUR";"MANUAL";"2022-05-03T08:17:00.000Z";"Fee"
"0986e828-5c89-4497-8d08-445f35563bbf";"Valuta Debitering";"0";"1";"FEE";"3.22";"USD";"MANUAL";"2022-05-03T08:17:00.000Z";"Fee"
"0986e828-5c89-4497-8d08-445f35563bbf";"ISIN: US00206R1023 - Dividend:  - dividendTax: -0.37";"0.37";"1";"DIVIDEND";"2.5";"USD";"YAHOO";"2022-05-02T07:51:00.000Z";"T"
"0986e828-5c89-4497-8d08-445f35563bbf";"ISIN: US92343V1044 - Dividend:  - dividendTax: -0.19";"0.19";"1";"DIVIDEND";"1.28";"USD";"YAHOO";"2022-05-02T07:38:00.000Z";"VZ"
"0986e828-5c89-4497-8d08-445f35563bbf";"Valuta Creditering";"0";"1";"FEE";"1.44";"EUR";"MANUAL";"2022-04-30T07:33:00.000Z";"Fee"
"0986e828-5c89-4497-8d08-445f35563bbf";"Valuta Debitering";"0";"1";"FEE";"1.53";"USD";"MANUAL";"2022-04-30T07:33:00.000Z";"Fee"
"0986e828-5c89-4497-8d08-445f35563bbf";"ISIN: US02209S1033 - Dividend:  - dividendTax: -0.27";"0.27";"1";"DIVIDEND";"1.8";"USD";"YAHOO";"2022-04-29T13:52:00.000Z";"MO"
"0986e828-5c89-4497-8d08-445f35563bbf";"ISIN: NL0011794037 - Dividend:  - dividendTax: -0.16";"0.16";"1";"DIVIDEND";"1.04";"EUR";"YAHOO";"2022-04-29T07:51:00.000Z";"AD.AS"
"0986e828-5c89-4497-8d08-445f35563bbf";"Valuta Creditering";"0";"1";"FEE";"4.12";"EUR";"MANUAL";"2022-04-21T07:33:00.000Z";"Fee"
"0986e828-5c89-4497-8d08-445f35563bbf";"Valuta Debitering";"0";"1";"FEE";"4.49";"USD";"MANUAL";"2022-04-21T07:33:00.000Z";"Fee"
"0986e828-5c89-4497-8d08-445f35563bbf";"ISIN: US00206R1023 - Verrekening van Aandelen";"0";"1";"FEE";"4.49";"USD";"MANUAL";"2022-04-20T15:19:00.000Z";"Fee"
"0986e828-5c89-4497-8d08-445f35563bbf";"Valuta Debitering";"0";"1";"FEE";"3.73";"EUR";"MANUAL";"2022-04-15T08:16:00.000Z";"Fee"
"0986e828-5c89-4497-8d08-445f35563bbf";"Valuta Creditering";"0";"1";"FEE";"4.04";"USD";"MANUAL";"2022-04-15T08:16:00.000Z";"Fee"
"0986e828-5c89-4497-8d08-445f35563bbf";"ISIN: US00206R1023 - Verrekening van Aandelen";"0";"1";"FEE";"4.04";"USD";"MANUAL";"2022-04-14T10:32:00.000Z";"Fee"
"0986e828-5c89-4497-8d08-445f35563bbf";"Valuta Creditering";"0";"1";"FEE";"3.69";"EUR";"MANUAL";"2022-04-14T07:32:00.000Z";"Fee"
"0986e828-5c89-4497-8d08-445f35563bbf";"Valuta Debitering";"0";"1";"FEE";"4.04";"USD";"MANUAL";"2022-04-14T07:32:00.000Z";"Fee"
"0986e828-5c89-4497-8d08-445f35563bbf";"ISIN: US00206R1023 - Verrekening van Aandelen";"0";"1";"FEE";"4.04";"USD";"MANUAL";"2022-04-13T10:22:00.000Z";"Fee"
"0986e828-5c89-4497-8d08-445f35563bbf";"Valuta Creditering";"0";"1";"FEE";"0.32";"EUR";"MANUAL";"2022-03-29T08:33:00.000Z";"Fee"
"0986e828-5c89-4497-8d08-445f35563bbf";"Valuta Debitering";"0";"1";"FEE";"0.36";"USD";"MANUAL";"2022-03-29T08:33:00.000Z";"Fee"
"0986e828-5c89-4497-8d08-445f35563bbf";"ISIN: US0605051046 - Dividend:  - dividendTax: -0.06";"0.06";"1";"DIVIDEND";"0.42";"USD";"YAHOO";"2022-03-28T08:13:00.000Z";"BAC"
"0986e828-5c89-4497-8d08-445f35563bbf";"Valuta Creditering";"0";"1";"FEE";"0.7";"EUR";"MANUAL";"2022-02-16T07:36:00.000Z";"Fee"
"0986e828-5c89-4497-8d08-445f35563bbf";"Valuta Debitering";"0";"1";"FEE";"0.8";"USD";"MANUAL";"2022-02-16T07:36:00.000Z";"Fee"
"0986e828-5c89-4497-8d08-445f35563bbf";"ISIN: US6826801036 - Dividend:  - dividendTax: -0.14";"0.14";"1";"DIVIDEND";"0.94";"USD";"YAHOO";"2022-02-15T07:28:00.000Z";"OKE"
"0986e828-5c89-4497-8d08-445f35563bbf";"DEGIRO Aansluitingskosten 2022 (New York Stock Exchange - NSY)";"0";"1";"FEE";"2.4";"EUR";"MANUAL";"2022-02-03T10:00:00.000Z";"Fee"
"0986e828-5c89-4497-8d08-445f35563bbf";"DEGIRO Aansluitingskosten 2022 (NASDAQ - NDQ)";"0";"1";"FEE";"2.4";"EUR";"MANUAL";"2022-02-03T10:00:00.000Z";"Fee"
"0986e828-5c89-4497-8d08-445f35563bbf";"DEGIRO Aansluitingskosten 2022 (Borse Frankfurt - FRA)";"0";"1";"FEE";"2.4";"EUR";"MANUAL";"2022-02-03T10:00:00.000Z";"Fee"
"0986e828-5c89-4497-8d08-445f35563bbf";"Valuta Creditering";"0";"1";"FEE";"4.48";"EUR";"MANUAL";"2022-02-02T07:40:00.000Z";"Fee"
"0986e828-5c89-4497-8d08-445f35563bbf";"Valuta Debitering";"0";"1";"FEE";"5.07";"USD";"MANUAL";"2022-02-02T07:40:00.000Z";"Fee"
"0986e828-5c89-4497-8d08-445f35563bbf";"ISIN: US92343V1044 - Dividend:  - dividendTax: -0.19";"0.19";"1";"DIVIDEND";"1.28";"USD";"YAHOO";"2022-02-01T08:03:00.000Z";"VZ"
"0986e828-5c89-4497-8d08-445f35563bbf";"ISIN: US00206R1023 - Dividend:  - dividendTax: -0.70";"0.7";"1";"DIVIDEND";"4.68";"USD";"YAHOO";"2022-02-01T07:57:00.000Z";"T"
"0986e828-5c89-4497-8d08-445f35563bbf";"Valuta Creditering";"0";"1";"FEE";"1.34";"EUR";"MANUAL";"2022-01-12T07:36:00.000Z";"Fee"
"0986e828-5c89-4497-8d08-445f35563bbf";"Valuta Debitering";"0";"1";"FEE";"1.53";"USD";"MANUAL";"2022-01-12T07:36:00.000Z";"Fee"
"0986e828-5c89-4497-8d08-445f35563bbf";"ISIN: US02209S1033 - Dividend:  - dividendTax: -0.27";"0.27";"1";"DIVIDEND";"1.8";"USD";"YAHOO";"2022-01-11T07:53:00.000Z";"MO"
"0986e828-5c89-4497-8d08-445f35563bbf";"Valuta Creditering";"0";"1";"FEE";"0.31";"EUR";"MANUAL";"2022-01-04T07:44:00.000Z";"Fee"
"0986e828-5c89-4497-8d08-445f35563bbf";"Valuta Debitering";"0";"1";"FEE";"0.36";"USD";"MANUAL";"2022-01-04T07:44:00.000Z";"Fee"
"0986e828-5c89-4497-8d08-445f35563bbf";"ISIN: US0605051046 - Dividend:  - dividendTax: -0.06";"0.06";"1";"DIVIDEND";"0.42";"USD";"YAHOO";"2022-01-03T08:50:00.000Z";"BAC"
"0986e828-5c89-4497-8d08-445f35563bbf";"DEGIRO Aansluitingskosten 2021 (New York Stock Exchange - NSY)";"0";"1";"FEE";"0.06";"EUR";"MANUAL";"2021-12-02T07:28:00.000Z";"Fee"
"0986e828-5c89-4497-8d08-445f35563bbf";"DEGIRO Aansluitingskosten 2021 (NASDAQ - NDQ)";"0";"1";"FEE";"0.06";"EUR";"MANUAL";"2021-12-02T07:28:00.000Z";"Fee"
"0986e828-5c89-4497-8d08-445f35563bbf";"DEGIRO Aansluitingskosten 2021 (Borse Frankfurt - FRA)";"0";"1";"FEE";"0.06";"EUR";"MANUAL";"2021-12-02T07:28:00.000Z";"Fee"
"0986e828-5c89-4497-8d08-445f35563bbf";"Valuta Creditering";"0";"1";"FEE";"0.7";"EUR";"MANUAL";"2021-11-17T07:35:00.000Z";"Fee"
"0986e828-5c89-4497-8d08-445f35563bbf";"Valuta Debitering";"0";"1";"FEE";"0.8";"USD";"MANUAL";"2021-11-17T07:35:00.000Z";"Fee"
"0986e828-5c89-4497-8d08-445f35563bbf";"ISIN: US6826801036 - Dividend:  - dividendTax: -0.14";"0.14";"1";"DIVIDEND";"0.94";"USD";"YAHOO";"2021-11-16T08:56:00.000Z";"OKE"
"0986e828-5c89-4497-8d08-445f35563bbf";"Valuta Creditering";"0";"1";"FEE";"0.94";"EUR";"MANUAL";"2021-11-03T07:32:00.000Z";"Fee"
"0986e828-5c89-4497-8d08-445f35563bbf";"Valuta Debitering";"0";"1";"FEE";"1.09";"USD";"MANUAL";"2021-11-03T07:32:00.000Z";"Fee"
"0986e828-5c89-4497-8d08-445f35563bbf";"ISIN: US92343V1044 - Dividend:  - dividendTax: -0.19";"0.19";"1";"DIVIDEND";"1.28";"USD";"YAHOO";"2021-11-02T07:46:00.000Z";"VZ"
"0986e828-5c89-4497-8d08-445f35563bbf";"Valuta Creditering";"0";"1";"FEE";"3.42";"EUR";"MANUAL";"2021-11-02T07:33:00.000Z";"Fee"
"0986e828-5c89-4497-8d08-445f35563bbf";"Valuta Debitering";"0";"1";"FEE";"3.98";"USD";"MANUAL";"2021-11-02T07:33:00.000Z";"Fee"
"0986e828-5c89-4497-8d08-445f35563bbf";"DEGIRO Aansluitingskosten 2021 (New York Stock Exchange - NSY)";"0";"1";"FEE";"0.03";"EUR";"MANUAL";"2021-11-01T14:26:00.000Z";"Fee"
"0986e828-5c89-4497-8d08-445f35563bbf";"DEGIRO Aansluitingskosten 2021 (NASDAQ - NDQ)";"0";"1";"FEE";"0.03";"EUR";"MANUAL";"2021-11-01T14:26:00.000Z";"Fee"
"0986e828-5c89-4497-8d08-445f35563bbf";"DEGIRO Aansluitingskosten 2021 (Borse Frankfurt - FRA)";"0";"1";"FEE";"0.03";"EUR";"MANUAL";"2021-11-01T14:26:00.000Z";"Fee"
"0986e828-5c89-4497-8d08-445f35563bbf";"ISIN: US00206R1023 - Dividend:  - dividendTax: -0.70";"0.7";"1";"DIVIDEND";"4.68";"USD";"YAHOO";"2021-11-01T13:50:00.000Z";"T"
"0986e828-5c89-4497-8d08-445f35563bbf";"ISIN: NL0011540547 - Dividend:  - dividendTax: -0.51";"0.51";"1";"DIVIDEND";"3.4";"EUR";"YAHOO";"2021-10-26T07:17:00.000Z";"ABN.AS"
"0986e828-5c89-4497-8d08-445f35563bbf";"Valuta Creditering";"0";"1";"FEE";"1.31";"EUR";"MANUAL";"2021-10-14T07:31:00.000Z";"Fee"
"0986e828-5c89-4497-8d08-445f35563bbf";"Valuta Debitering";"0";"1";"FEE";"1.53";"USD";"MANUAL";"2021-10-14T07:31:00.000Z";"Fee"
"0986e828-5c89-4497-8d08-445f35563bbf";"ISIN: NL0011821202 - Dividend:  - dividendTax: -0.07";"0.07";"1";"DIVIDEND";"0.48";"EUR";"YAHOO";"2021-10-13T08:15:00.000Z";"INGA.AS"
"0986e828-5c89-4497-8d08-445f35563bbf";"ISIN: US02209S1033 - Dividend:  - dividendTax: -0.27";"0.27";"1";"DIVIDEND";"1.8";"USD";"YAHOO";"2021-10-13T07:49:00.000Z";"MO"
"0986e828-5c89-4497-8d08-445f35563bbf";"DEGIRO Aansluitingskosten 2021 (New York Stock Exchange - NSY)";"0";"1";"FEE";"0.02";"EUR";"MANUAL";"2021-10-02T10:47:00.000Z";"Fee"
"0986e828-5c89-4497-8d08-445f35563bbf";"DEGIRO Aansluitingskosten 2021 (NASDAQ - NDQ)";"0";"1";"FEE";"0.02";"EUR";"MANUAL";"2021-10-02T10:47:00.000Z";"Fee"
"0986e828-5c89-4497-8d08-445f35563bbf";"DEGIRO Aansluitingskosten 2021 (Borse Frankfurt - FRA)";"0";"1";"FEE";"0.02";"EUR";"MANUAL";"2021-10-02T10:47:00.000Z";"Fee"
"0986e828-5c89-4497-8d08-445f35563bbf";"Valuta Debitering";"0";"1";"FEE";"0.3";"EUR";"MANUAL";"2021-09-28T07:31:00.000Z";"Fee"
"0986e828-5c89-4497-8d08-445f35563bbf";"Valuta Debitering";"0";"1";"FEE";"0.36";"USD";"MANUAL";"2021-09-28T07:31:00.000Z";"Fee"
"0986e828-5c89-4497-8d08-445f35563bbf";"ISIN: US0605051046 - Dividend:  - dividendTax: -0.06";"0.06";"1";"DIVIDEND";"0.42";"USD";"YAHOO";"2021-09-27T08:11:00.000Z";"BAC"
"0986e828-5c89-4497-8d08-445f35563bbf";"ISIN: NL0011794037 - Dividend:  - dividendTax: -0.13";"0.13";"1";"DIVIDEND";"0.86";"EUR";"YAHOO";"2021-09-03T07:28:00.000Z";"AD.AS"
"0986e828-5c89-4497-8d08-445f35563bbf";"DEGIRO Aansluitingskosten 2021 (New York Stock Exchange - NSY)";"0";"1";"FEE";"0.03";"EUR";"MANUAL";"2021-09-02T21:29:00.000Z";"Fee"
"0986e828-5c89-4497-8d08-445f35563bbf";"DEGIRO Aansluitingskosten 2021 (NASDAQ - NDQ)";"0";"1";"FEE";"0.03";"EUR";"MANUAL";"2021-09-02T21:29:00.000Z";"Fee"
"0986e828-5c89-4497-8d08-445f35563bbf";"DEGIRO Aansluitingskosten 2021 (Borse Frankfurt - FRA)";"0";"1";"FEE";"0.03";"EUR";"MANUAL";"2021-09-02T21:29:00.000Z";"Fee"
"0986e828-5c89-4497-8d08-445f35563bbf";"Valuta Debitering";"0";"1";"FEE";"0.68";"EUR";"MANUAL";"2021-08-18T07:33:00.000Z";"Fee"
"0986e828-5c89-4497-8d08-445f35563bbf";"Valuta Debitering";"0";"1";"FEE";"0.8";"USD";"MANUAL";"2021-08-18T07:33:00.000Z";"Fee"
"0986e828-5c89-4497-8d08-445f35563bbf";"ISIN: US6826801036 - Dividend:  - dividendTax: -0.14";"0.14";"1";"DIVIDEND";"0.94";"USD";"YAHOO";"2021-08-17T07:29:00.000Z";"OKE"
"0986e828-5c89-4497-8d08-445f35563bbf";"Valuta Debitering";"0";"1";"FEE";"4.25";"EUR";"MANUAL";"2021-08-04T07:36:00.000Z";"Fee"
"0986e828-5c89-4497-8d08-445f35563bbf";"Valuta Debitering";"0";"1";"FEE";"5.05";"USD";"MANUAL";"2021-08-04T07:36:00.000Z";"Fee"
"0986e828-5c89-4497-8d08-445f35563bbf";"DEGIRO Aansluitingskosten 2021 (New York Stock Exchange - NSY)";"0";"1";"FEE";"0.03";"EUR";"MANUAL";"2021-08-03T16:13:00.000Z";"Fee"
"0986e828-5c89-4497-8d08-445f35563bbf";"DEGIRO Aansluitingskosten 2021 (NASDAQ - NDQ)";"0";"1";"FEE";"0.03";"EUR";"MANUAL";"2021-08-03T16:13:00.000Z";"Fee"
"0986e828-5c89-4497-8d08-445f35563bbf";"DEGIRO Aansluitingskosten 2021 (Borse Frankfurt - FRA)";"0";"1";"FEE";"0.03";"EUR";"MANUAL";"2021-08-03T16:13:00.000Z";"Fee"
"0986e828-5c89-4497-8d08-445f35563bbf";"ISIN: US00206R1023 - Dividend:  - dividendTax: -0.70";"0.7";"1";"DIVIDEND";"4.68";"USD";"YAHOO";"2021-08-03T07:52:00.000Z";"T"
"0986e828-5c89-4497-8d08-445f35563bbf";"ISIN: US92343V1044 - Dividend:  - dividendTax: -0.19";"0.19";"1";"DIVIDEND";"1.26";"USD";"YAHOO";"2021-08-03T07:47:00.000Z";"VZ"
"0986e828-5c89-4497-8d08-445f35563bbf";"ISIN: US92343V1044 - Dividend:  - dividendTax: -1.26";"1.26";"1";"DIVIDEND";"1.26";"USD";"YAHOO";"2021-07-15T14:45:00.000Z";"VZ"
"0986e828-5c89-4497-8d08-445f35563bbf";"ISIN: US92343V1044 - Dividendbelasting";"0";"1";"DIVIDEND";"0.19";"USD";"YAHOO";"2021-07-15T14:43:00.000Z";"VZ"
"0986e828-5c89-4497-8d08-445f35563bbf";"DEGIRO Aansluitingskosten 2021 (New York Stock Exchange - NSY)";"0";"1";"FEE";"0.17";"EUR";"MANUAL";"2021-07-02T08:23:00.000Z";"Fee"
"0986e828-5c89-4497-8d08-445f35563bbf";"DEGIRO Aansluitingskosten 2021 (NASDAQ - NDQ)";"0";"1";"FEE";"0.17";"EUR";"MANUAL";"2021-07-02T08:23:00.000Z";"Fee"
"0986e828-5c89-4497-8d08-445f35563bbf";"DEGIRO Aansluitingskosten 2021 (Borse Frankfurt - FRA)";"0";"1";"FEE";"0.17";"EUR";"MANUAL";"2021-07-02T08:23:00.000Z";"Fee"
"0986e828-5c89-4497-8d08-445f35563bbf";"DEGIRO Aansluitingskosten 2021 (New York Stock Exchange - NSY)";"0";"1";"FEE";"0.04";"EUR";"MANUAL";"2021-06-30T09:47:00.000Z";"Fee"
"0986e828-5c89-4497-8d08-445f35563bbf";"DEGIRO Aansluitingskosten 2021 (NASDAQ - NDQ)";"0";"1";"FEE";"0.04";"EUR";"MANUAL";"2021-06-30T09:47:00.000Z";"Fee"
"0986e828-5c89-4497-8d08-445f35563bbf";"DEGIRO Aansluitingskosten 2021 (Borse Frankfurt - FRA)";"0";"1";"FEE";"0.04";"EUR";"MANUAL";"2021-06-30T09:47:00.000Z";"Fee"
"0986e828-5c89-4497-8d08-445f35563bbf";"Valuta Debitering";"0";"1";"FEE";"0.25";"EUR";"MANUAL";"2021-06-29T08:37:00.000Z";"Fee"
"0986e828-5c89-4497-8d08-445f35563bbf";"Valuta Debitering";"0";"1";"FEE";"0.31";"USD";"MANUAL";"2021-06-29T08:37:00.000Z";"Fee"
"0986e828-5c89-4497-8d08-445f35563bbf";"ISIN: US02209S1033 - Valuta Creditering";"0";"1";"FEE";"95.34";"USD";"MANUAL";"2021-06-28T15:30:00.000Z";"Fee"
"0986e828-5c89-4497-8d08-445f35563bbf";"ISIN: US02209S1033 - Valuta Debitering";"0";"1";"FEE";"80.06";"EUR";"MANUAL";"2021-06-28T15:30:00.000Z";"Fee"
"0986e828-5c89-4497-8d08-445f35563bbf";"ISIN: US02209S1033 - Koop 2 @ 47,67 USD";"1";"2";"BUY";"47.67";"USD";"YAHOO";"2021-06-28T15:30:00.000Z";"MO"
"0986e828-5c89-4497-8d08-445f35563bbf";"ISIN: US0605051046 - Dividend:  - dividendTax: -0.05";"0.05";"1";"DIVIDEND";"0.36";"USD";"YAHOO";"2021-06-28T08:01:00.000Z";"BAC"
"0986e828-5c89-4497-8d08-445f35563bbf";"ISIN: US00206R1023 - Dividend:  - dividendTax: -0.55";"0.55";"1";"DIVIDEND";"3.64";"USD";"YAHOO";"2021-06-08T16:18:00.000Z";"T"
"0986e828-5c89-4497-8d08-445f35563bbf";"ISIN: US00206R1023 - Dividend:  - dividendTax: -3.64";"3.64";"1";"DIVIDEND";"3.64";"USD";"YAHOO";"2021-06-08T16:16:00.000Z";"T"
"0986e828-5c89-4497-8d08-445f35563bbf";"ISIN: US00206R1023 - Dividend:  - dividendTax: -3.64";"3.64";"1";"DIVIDEND";"0.55";"USD";"YAHOO";"2021-06-08T14:48:00.000Z";"T"
"0986e828-5c89-4497-8d08-445f35563bbf";"ISIN: US00206R1023 - Dividendbelasting";"0";"1";"DIVIDEND";"0.55";"USD";"YAHOO";"2021-06-08T14:47:00.000Z";"T"
"0986e828-5c89-4497-8d08-445f35563bbf";"Valuta Debitering";"0";"1";"FEE";"1.46";"EUR";"MANUAL";"2021-05-29T09:21:00.000Z";"Fee"
"0986e828-5c89-4497-8d08-445f35563bbf";"Valuta Debitering";"0";"1";"FEE";"1.79";"USD";"MANUAL";"2021-05-29T09:21:00.000Z";"Fee"
"0986e828-5c89-4497-8d08-445f35563bbf";"ISIN: US6826801036 - Valuta Creditering";"0";"1";"FEE";"53.87";"USD";"MANUAL";"2021-05-24T15:30:00.000Z";"Fee"
"0986e828-5c89-4497-8d08-445f35563bbf";"ISIN: US6826801036 - Valuta Debitering";"0";"1";"FEE";"44.15";"EUR";"MANUAL";"2021-05-24T15:30:00.000Z";"Fee"
"0986e828-5c89-4497-8d08-445f35563bbf";"ISIN: US6826801036 - Koop 1 @ 53,87 USD";"0.5";"1";"BUY";"53.87";"USD";"YAHOO";"2021-05-24T15:30:00.000Z";"OKE"
"0986e828-5c89-4497-8d08-445f35563bbf";"Valuta Debitering";"0";"1";"FEE";"3.45";"EUR";"MANUAL";"2021-05-05T08:56:00.000Z";"Fee"
"0986e828-5c89-4497-8d08-445f35563bbf";"Valuta Debitering";"0";"1";"FEE";"4.16";"USD";"MANUAL";"2021-05-05T08:56:00.000Z";"Fee"
"0986e828-5c89-4497-8d08-445f35563bbf";"ISIN: US00206R1023 - Dividend:  - dividendTax: -7.28";"7.28";"1";"DIVIDEND";"3.64";"USD";"YAHOO";"2021-05-04T13:18:00.000Z";"T"
"0986e828-5c89-4497-8d08-445f35563bbf";"ISIN: US00206R1023 - Dividendbelasting";"0";"1";"DIVIDEND";"1.1";"USD";"YAHOO";"2021-05-04T13:09:00.000Z";"T"
"0986e828-5c89-4497-8d08-445f35563bbf";"ISIN: US00206R1023 - Dividend:  - dividendTax: -0.55";"0.55";"1";"DIVIDEND";"3.64";"USD";"YAHOO";"2021-05-04T12:17:00.000Z";"T"
"0986e828-5c89-4497-8d08-445f35563bbf";"ISIN: US00206R1023 - Dividend:  - dividendTax: -0.55";"0.55";"1";"DIVIDEND";"3.64";"USD";"YAHOO";"2021-05-04T12:12:00.000Z";"T"
"0986e828-5c89-4497-8d08-445f35563bbf";"ISIN: US92343V1044 - Dividend:  - dividendTax: -0.19";"0.19";"1";"DIVIDEND";"1.26";"USD";"YAHOO";"2021-05-04T08:24:00.000Z";"VZ"
"0986e828-5c89-4497-8d08-445f35563bbf";"ISIN: NL0011794037 - Dividend:  - dividendTax: -0.12";"0.12";"1";"DIVIDEND";"0.8";"EUR";"YAHOO";"2021-04-30T07:48:00.000Z";"AD.AS"
"0986e828-5c89-4497-8d08-445f35563bbf";"ISIN: US00206R1023 - Valuta Creditering";"0";"1";"FEE";"60.1";"USD";"MANUAL";"2021-04-21T17:05:00.000Z";"Fee"
"0986e828-5c89-4497-8d08-445f35563bbf";"ISIN: US00206R1023 - Valuta Debitering";"0";"1";"FEE";"50.01";"EUR";"MANUAL";"2021-04-21T17:05:00.000Z";"Fee"
"0986e828-5c89-4497-8d08-445f35563bbf";"ISIN: US00206R1023 - Koop 2 @ 30,05 USD";"1";"2";"BUY";"30.05";"USD";"YAHOO";"2021-04-21T17:05:00.000Z";"T"
"0986e828-5c89-4497-8d08-445f35563bbf";"DEGIRO Aansluitingskosten 2021 (New York Stock Exchange - NSY)";"0";"1";"FEE";"0.77";"EUR";"MANUAL";"2021-04-01T12:04:00.000Z";"Fee"
"0986e828-5c89-4497-8d08-445f35563bbf";"DEGIRO Aansluitingskosten 2021 (NASDAQ - NDQ)";"0";"1";"FEE";"0.77";"EUR";"MANUAL";"2021-04-01T12:04:00.000Z";"Fee"
"0986e828-5c89-4497-8d08-445f35563bbf";"DEGIRO Aansluitingskosten 2021 (Borse Frankfurt - FRA)";"0";"1";"FEE";"0.77";"EUR";"MANUAL";"2021-04-01T12:04:00.000Z";"Fee"
"0986e828-5c89-4497-8d08-445f35563bbf";"Valuta Debitering";"0";"1";"FEE";"0.27";"EUR";"MANUAL";"2021-03-30T08:35:00.000Z";"Fee"
"0986e828-5c89-4497-8d08-445f35563bbf";"Valuta Debitering";"0";"1";"FEE";"0.32";"USD";"MANUAL";"2021-03-30T08:35:00.000Z";"Fee"
"0986e828-5c89-4497-8d08-445f35563bbf";"ISIN: US0605051046 - Dividend:  - dividendTax: -0.05";"0.05";"1";"DIVIDEND";"0.36";"USD";"YAHOO";"2021-03-29T09:52:00.000Z";"BAC"
"0986e828-5c89-4497-8d08-445f35563bbf";"ISIN: US00206R1023 - Valuta Creditering";"0";"1";"FEE";"56.78";"USD";"MANUAL";"2021-03-03T17:01:00.000Z";"Fee"
"0986e828-5c89-4497-8d08-445f35563bbf";"ISIN: US00206R1023 - Valuta Debitering";"0";"1";"FEE";"47.08";"EUR";"MANUAL";"2021-03-03T17:01:00.000Z";"Fee"
"0986e828-5c89-4497-8d08-445f35563bbf";"ISIN: US00206R1023 - Koop 2 @ 28,39 USD";"1";"2";"BUY";"28.39";"USD";"YAHOO";"2021-03-03T17:01:00.000Z";"T"
"0986e828-5c89-4497-8d08-445f35563bbf";"ISIN: IE00B3ZW0K18 - Koop 2 @ 84,78 EUR";"0";"2";"BUY";"84.78";"EUR";"YAHOO";"2021-03-03T09:05:00.000Z";"IUSE.L"
"0986e828-5c89-4497-8d08-445f35563bbf";"DEGIRO Aansluitingskosten 2021 (NASDAQ - NDQ)";"0";"1";"FEE";"1.19";"EUR";"MANUAL";"2021-03-01T11:20:00.000Z";"Fee"
"0986e828-5c89-4497-8d08-445f35563bbf";"DEGIRO Aansluitingskosten 2021 (Borse Frankfurt - FRA)";"0";"1";"FEE";"1.19";"EUR";"MANUAL";"2021-03-01T11:20:00.000Z";"Fee"
"0986e828-5c89-4497-8d08-445f35563bbf";"ISIN: NL0011821202 - Dividend:  - dividendTax: -0.02";"0.02";"1";"DIVIDEND";"0.12";"EUR";"YAHOO";"2021-02-24T14:11:00.000Z";"INGA.AS"
"0986e828-5c89-4497-8d08-445f35563bbf";"ISIN: MHY1146L1092 - Valuta Creditering";"0";"1";"FEE";"12.4";"USD";"MANUAL";"2021-02-16T16:35:00.000Z";"Fee"
"0986e828-5c89-4497-8d08-445f35563bbf";"ISIN: MHY1146L1092 - Valuta Debitering";"0";"1";"FEE";"10.25";"EUR";"MANUAL";"2021-02-16T16:35:00.000Z";"Fee"
"0986e828-5c89-4497-8d08-445f35563bbf";"ISIN: MHY1146L1092 - Koop 10 @ 1,24 USD";"1";"10";"BUY";"1.24";"USD";"YAHOO";"2021-02-16T16:35:00.000Z";"CTRM"
"0986e828-5c89-4497-8d08-445f35563bbf";"ISIN: AU000000FBR4 - Koop 500 @ 0,039 EUR";"15";"500";"BUY";"0.039";"EUR";"YAHOO";"2021-02-16T14:42:00.000Z";"FBR.AX"
"0986e828-5c89-4497-8d08-445f35563bbf";"ISIN: MHY1146L1092 - Valuta Creditering";"0";"1";"FEE";"37.88";"USD";"MANUAL";"2021-02-11T18:30:00.000Z";"Fee"
"0986e828-5c89-4497-8d08-445f35563bbf";"ISIN: MHY1146L1092 - Valuta Debitering";"0";"1";"FEE";"31.27";"EUR";"MANUAL";"2021-02-11T18:30:00.000Z";"Fee"
"0986e828-5c89-4497-8d08-445f35563bbf";"ISIN: MHY1146L1092 - Koop 25 @ 1,515 USD";"1";"25";"BUY";"1.515";"USD";"YAHOO";"2021-02-11T18:30:00.000Z";"CTRM"
"0986e828-5c89-4497-8d08-445f35563bbf";"Valuta Debitering";"0";"1";"FEE";"1.61";"EUR";"MANUAL";"2021-02-03T08:02:00.000Z";"Fee"
"0986e828-5c89-4497-8d08-445f35563bbf";"Valuta Debitering";"0";"1";"FEE";"1.95";"USD";"MANUAL";"2021-02-03T08:02:00.000Z";"Fee"
"0986e828-5c89-4497-8d08-445f35563bbf";"ISIN: US00206R1023 - Dividend:  - dividendTax: -0.16";"0.16";"1";"DIVIDEND";"1.04";"USD";"YAHOO";"2021-02-02T08:03:00.000Z";"T"
"0986e828-5c89-4497-8d08-445f35563bbf";"ISIN: US92343V1044 - Dividend:  - dividendTax: -0.19";"0.19";"1";"DIVIDEND";"1.26";"USD";"YAHOO";"2021-02-02T07:14:00.000Z";"VZ"
"0986e828-5c89-4497-8d08-445f35563bbf";"DEGIRO Aansluitingskosten 2021 (New York Stock Exchange - NSY)";"0";"1";"FEE";"1.19";"EUR";"MANUAL";"2021-01-31T13:17:00.000Z";"Fee"
"0986e828-5c89-4497-8d08-445f35563bbf";"ISIN: NL0011794037 - Koop 2 @ 23,89 EUR";"4";"2";"BUY";"23.89";"EUR";"YAHOO";"2021-01-20T09:00:00.000Z";"AD.AS"
"0986e828-5c89-4497-8d08-445f35563bbf";"ISIN: US00206R1023 - Valuta Creditering";"0";"1";"FEE";"86.67";"USD";"MANUAL";"2021-01-08T20:20:00.000Z";"Fee"
"0986e828-5c89-4497-8d08-445f35563bbf";"ISIN: US00206R1023 - Valuta Debitering";"0";"1";"FEE";"71.07";"EUR";"MANUAL";"2021-01-08T20:20:00.000Z";"Fee"
"0986e828-5c89-4497-8d08-445f35563bbf";"ISIN: US00206R1023 - Koop 3 @ 28,89 USD";"1";"3";"BUY";"28.89";"USD";"YAHOO";"2021-01-08T20:20:00.000Z";"T"
"0986e828-5c89-4497-8d08-445f35563bbf";"DEGIRO Aansluitingskosten 2020 (New York Stock Exchange - NSY)";"0";"1";"FEE";"0.67";"EUR";"MANUAL";"2021-01-04T11:09:00.000Z";"Fee"
"0986e828-5c89-4497-8d08-445f35563bbf";"ISIN: US0605051046 - Valuta Creditering";"0";"1";"FEE";"60";"USD";"MANUAL";"2020-12-30T15:30:00.000Z";"Fee"
"0986e828-5c89-4497-8d08-445f35563bbf";"ISIN: US0605051046 - Valuta Debitering";"0";"1";"FEE";"48.94";"EUR";"MANUAL";"2020-12-30T15:30:00.000Z";"Fee"
"0986e828-5c89-4497-8d08-445f35563bbf";"ISIN: US0605051046 - Koop 2 @ 30 USD";"1";"2";"BUY";"30";"USD";"YAHOO";"2020-12-30T15:30:00.000Z";"BAC"
"0986e828-5c89-4497-8d08-445f35563bbf";"ISIN: NL0011821202 - Koop 1 @ 7,8 EUR";"2";"1";"BUY";"7.8";"EUR";"YAHOO";"2020-12-30T09:47:00.000Z";"INGA.AS"
"0986e828-5c89-4497-8d08-445f35563bbf";"ISIN: US00206R1023 - Valuta Creditering";"0";"1";"FEE";"57.8";"USD";"MANUAL";"2020-12-28T15:30:00.000Z";"Fee"
"0986e828-5c89-4497-8d08-445f35563bbf";"ISIN: US00206R1023 - Valuta Debitering";"0";"1";"FEE";"47.34";"EUR";"MANUAL";"2020-12-28T15:30:00.000Z";"Fee"
"0986e828-5c89-4497-8d08-445f35563bbf";"ISIN: US00206R1023 - Koop 2 @ 28,9 USD";"1";"2";"BUY";"28.9";"USD";"YAHOO";"2020-12-28T15:30:00.000Z";"T"
"0986e828-5c89-4497-8d08-445f35563bbf";"ISIN: US92343V1044 - Valuta Creditering";"0";"1";"FEE";"117.74";"USD";"MANUAL";"2020-12-24T16:28:00.000Z";"Fee"
"0986e828-5c89-4497-8d08-445f35563bbf";"ISIN: US92343V1044 - Valuta Debitering";"0";"1";"FEE";"96.65";"EUR";"MANUAL";"2020-12-24T16:28:00.000Z";"Fee"
"0986e828-5c89-4497-8d08-445f35563bbf";"ISIN: US92343V1044 - Koop 2 @ 58,87 USD";"1";"2";"BUY";"58.87";"USD";"YAHOO";"2020-12-24T16:28:00.000Z";"VZ"
"0986e828-5c89-4497-8d08-445f35563bbf";"ISIN: NL0011540547 - Koop 4 @ 7,726 EUR";"4";"4";"BUY";"7.725";"EUR";"YAHOO";"2020-12-21T09:00:00.000Z";"ABN.AS"
"0986e828-5c89-4497-8d08-445f35563bbf";"ISIN: NL0011540547 - Koop 1 @ 7,726 EUR";"0";"1";"BUY";"7.73";"EUR";"YAHOO";"2020-12-21T09:00:00.000Z";"ABN.AS"
